{
  "hash": "c4a731ff",
  "configHash": "5eef1560",
  "lockfileHash": "6255467e",
  "browserHash": "c0a1bd79",
  "optimized": {
    "@angular/core": {
      "src": "../../../../../node_modules/@angular/core/fesm2022/core.mjs",
      "file": "@angular_core.js",
      "fileHash": "11348eaf",
      "needsInterop": false
    },
    "@angular/platform-browser": {
      "src": "../../../../../node_modules/@angular/platform-browser/fesm2022/platform-browser.mjs",
      "file": "@angular_platform-browser.js",
      "fileHash": "c1a3538c",
      "needsInterop": false
    },
    "@angular/router": {
      "src": "../../../../../node_modules/@angular/router/fesm2022/router.mjs",
      "file": "@angular_router.js",
      "fileHash": "483cc0c7",
      "needsInterop": false
    }
  },
  "chunks": {
    "chunk-XRDXROHK": {
      "file": "chunk-XRDXROHK.js"
    },
    "chunk-2UONM32I": {
      "file": "chunk-2UONM32I.js"
    }
  }
}